text_id,journal,volume_issue,set,han_chars
JOD_27-4_1626,JOD,27-4,human_2018_2022,11334
JOD_27-4_1706,JOD,27-4,human_2018_2022,8654
JOD_27-4_1676,JOD,27-4,human_2018_2022,17092
JOD_27-4_1709,JOD,27-4,human_2018_2022,13581
JOD_27-3_1667,JOD,27-3,human_2018_2022,18492
JOD_27-3_1671,JOD,27-3,human_2018_2022,10904
JOD_27-3_1683,JOD,27-3,human_2018_2022,12351
JOD_27-3_1695,JOD,27-3,human_2018_2022,13004
JOD_27-2_1684,JOD,27-2,human_2018_2022,6484
JOD_27-2_1627,JOD,27-2,human_2018_2022,8282
JOD_27-2_1664,JOD,27-2,human_2018_2022,15554
JOD_27-2_1643,JOD,27-2,human_2018_2022,17934
JOD_27-1_1641,JOD,27-1,human_2018_2022,16820
JOD_27-1_1631,JOD,27-1,human_2018_2022,12302
JOD_27-1_1620,JOD,27-1,human_2018_2022,15926
JOD_27-1_1611,JOD,27-1,human_2018_2022,7260
JOD_26-4_1600,JOD,26-4,human_2018_2022,16154
JOD_26-4_1613,JOD,26-4,human_2018_2022,10973
JOD_26-4_1607,JOD,26-4,human_2018_2022,13305
JOD_26-4_1604,JOD,26-4,human_2018_2022,9524
JOD_26-3_1456,JOD,26-3,human_2018_2022,11389
JOD_26-3_1552,JOD,26-3,human_2018_2022,9036
JOD_26-3_1581,JOD,26-3,human_2018_2022,15144
JOD_26-3_1598,JOD,26-3,human_2018_2022,12752
JOD_26-2_1575,JOD,26-2,human_2018_2022,13610
JOD_26-2_1577,JOD,26-2,human_2018_2022,12858
JOD_26-2_1559,JOD,26-2,human_2018_2022,7406
JOD_26-2_1565,JOD,26-2,human_2018_2022,15987
JOD_26-2_1547,JOD,26-2,human_2018_2022,11218
JOD_26-2_1560,JOD,26-2,human_2018_2022,15802
JOD_26-1_1461,JOD,26-1,human_2018_2022,13005
JOD_26-1_1534,JOD,26-1,human_2018_2022,12880
JOD_26-1_1610,JOD,26-1,human_2018_2022,12185
JOD_25-4_1472,JOD,25-4,human_2018_2022,14884
JOD_25-4_1542,JOD,25-4,human_2018_2022,15173
JOD_25-4_1509,JOD,25-4,human_2018_2022,20152
JOD_25-4_1471,JOD,25-4,human_2018_2022,20977
JOD_25-4_1466,JOD,25-4,human_2018_2022,15313
JOD_25-4_1465,JOD,25-4,human_2018_2022,22105
JOD_25-3_1375,JOD,25-3,human_2018_2022,17802
JOD_25-3_1439,JOD,25-3,human_2018_2022,14760
JOD_25-3_1603,JOD,25-3,human_2018_2022,13086
JOD_25-3_1528,JOD,25-3,human_2018_2022,18272
JOD_25-2_1502,JOD,25-2,human_2018_2022,10143
JOD_25-2_1508,JOD,25-2,human_2018_2022,14213
JOD_25-2_1520,JOD,25-2,human_2018_2022,12864
JOD_25-2_1516,JOD,25-2,human_2018_2022,4738
JOD_25-1_1477,JOD,25-1,human_2018_2022,15215
JOD_25-1_1378,JOD,25-1,human_2018_2022,14820
JOD_25-1_1408,JOD,25-1,human_2018_2022,7061
JOD_25-1_1478,JOD,25-1,human_2018_2022,16899
JOD_24-4_1533,JOD,24-4,human_2018_2022,19751
JOD_24-4_1503,JOD,24-4,human_2018_2022,12010
JOD_24-4_1482,JOD,24-4,human_2018_2022,17530
JOD_24-4_1507,JOD,24-4,human_2018_2022,18145
JOD_24-3_1382,JOD,24-3,human_2018_2022,14212
JOD_24-3_1417,JOD,24-3,human_2018_2022,5537
JOD_24-3_1458,JOD,24-3,human_2018_2022,13221
JOD_24-2_1332,JOD,24-2,human_2018_2022,16032
JOD_24-2_1343,JOD,24-2,human_2018_2022,10302
JOD_24-2_1414,JOD,24-2,human_2018_2022,9332
JOD_24-1_1389,JOD,24-1,human_2018_2022,9360
JOD_24-1_1393,JOD,24-1,human_2018_2022,19413
JOD_24-1_1376,JOD,24-1,human_2018_2022,12452
JOD_23-4_1330,JOD,23-4,human_2018_2022,10711
JOD_23-4_1361,JOD,23-4,human_2018_2022,13092
JOD_23-4_1345,JOD,23-4,human_2018_2022,17221
JOD_23-3_1336,JOD,23-3,human_2018_2022,7794
JOD_23-3_1311,JOD,23-3,human_2018_2022,17284
JOD_23-3_1348,JOD,23-3,human_2018_2022,20266
JOD_23-2_1322,JOD,23-2,human_2018_2022,14283
JOD_23-2_1321,JOD,23-2,human_2018_2022,16754
JOD_23-2_1308,JOD,23-2,human_2018_2022,15336
JOD_23-1_1279,JOD,23-1,human_2018_2022,11999
JOD_23-1_1285,JOD,23-1,human_2018_2022,9855
JOD_23-1_1278,JOD,23-1,human_2018_2022,10797
AERA_35_00,AERA,35,human_2018_2022,17759
AERA_35_01,AERA,35,human_2018_2022,3701
AERA_35_02,AERA,35,human_2018_2022,11219
AERA_35_03,AERA,35,human_2018_2022,4378
AERA_36_00,AERA,36,human_2018_2022,14190
AERA_36_01,AERA,36,human_2018_2022,14511
AERA_36_02,AERA,36,human_2018_2022,23186
AERA_37_00,AERA,37,human_2018_2022,18131
AERA_37_01,AERA,37,human_2018_2022,17133
AERA_37_02,AERA,37,human_2018_2022,4275
AERA_38_00,AERA,38,human_2018_2022,15733
AERA_38_01,AERA,38,human_2018_2022,17513
AERA_38_02,AERA,38,human_2018_2022,18387
AERA_39_00,AERA,39,human_2018_2022,18835
AERA_39_01,AERA,39,human_2018_2022,19130
AERA_39_02,AERA,39,human_2018_2022,21503
AERA_40_00,AERA,40,human_2018_2022,18663
AERA_40_01,AERA,40,human_2018_2022,15605
AERA_40_02,AERA,40,human_2018_2022,16339
AERA_41_00,AERA,41,human_2018_2022,23301
AERA_41_01,AERA,41,human_2018_2022,18781
AERA_41_02,AERA,41,human_2018_2022,13966
AERA_41_03,AERA,41,human_2018_2022,16915
AERA_42_00,AERA,42,human_2018_2022,20038
AERA_42_01,AERA,42,human_2018_2022,23304
AERA_42_02,AERA,42,human_2018_2022,18908
AERA_43_00,AERA,43,human_2018_2022,12030
AERA_43_01,AERA,43,human_2018_2022,14821
AERA_43_02,AERA,43,human_2018_2022,18904
AERA_43_03,AERA,43,human_2018_2022,16585
AERA_44_00,AERA,44,human_2018_2022,11284
AERA_44_01,AERA,44,human_2018_2022,15675
AERA_44_02,AERA,44,human_2018_2022,15391
JAS_232_00,JAS,232,human_2018_2022,25462
JAS_232_01,JAS,232,human_2018_2022,37472
JAS_232_02,JAS,232,human_2018_2022,20306
JAS_232_03,JAS,232,human_2018_2022,9583
JAS_233_00,JAS,233,human_2018_2022,22966
JAS_233_01,JAS,233,human_2018_2022,24749
JAS_233_02,JAS,233,human_2018_2022,14413
JAS_233_03,JAS,233,human_2018_2022,15589
JAS_281_00,JAS,281,human_2018_2022,24569
JAS_281_02,JAS,281,human_2018_2022,17309
JAS_275_00,JAS,275,human_2018_2022,12370
JAS_275_01,JAS,275,human_2018_2022,15864
JAS_275_02,JAS,275,human_2018_2022,16628
JOD_31-2_1896,JOD,31-2,human_2024_2026,14531
JOD_31-2_1940,JOD,31-2,human_2024_2026,19411
JOD_31-2_1959,JOD,31-2,human_2024_2026,10635
JOD_31-2_1975,JOD,31-2,human_2024_2026,7866
JOD_31-1_1921,JOD,31-1,human_2024_2026,15313
JOD_31-1_1929,JOD,31-1,human_2024_2026,13293
JOD_31-1_1916,JOD,31-1,human_2024_2026,14028
JOD_31-1_1930,JOD,31-1,human_2024_2026,16675
JOD_30-4_1986,JOD,30-4,human_2024_2026,9713
JOD_30-4_2015,JOD,30-4,human_2024_2026,15214
JOD_30-4_1998,JOD,30-4,human_2024_2026,12565
JOD_30-4_1984,JOD,30-4,human_2024_2026,14986
JOD_30-4_1964,JOD,30-4,human_2024_2026,12255
JOD_30-4_2019,JOD,30-4,human_2024_2026,18373
JOD_30-3_1864,JOD,30-3,human_2024_2026,13502
JOD_30-3_1891,JOD,30-3,human_2024_2026,15627
JOD_30-3_1925,JOD,30-3,human_2024_2026,17612
JOD_30-2_1780,JOD,30-2,human_2024_2026,15940
JOD_30-2_1912,JOD,30-2,human_2024_2026,8478
JOD_30-2_1913,JOD,30-2,human_2024_2026,13782
JOD_30-1_1910,JOD,30-1,human_2024_2026,13697
JOD_30-1_1897,JOD,30-1,human_2024_2026,5057
JOD_30-1_1895,JOD,30-1,human_2024_2026,16989
JOD_29-4_1873,JOD,29-4,human_2024_2026,8582
JOD_29-4_1907,JOD,29-4,human_2024_2026,12005
JOD_29-4_1869,JOD,29-4,human_2024_2026,11360
JOD_29-3_1785,JOD,29-3,human_2024_2026,15243
JOD_29-3_1859,JOD,29-3,human_2024_2026,19376
JOD_29-3_1860,JOD,29-3,human_2024_2026,17048
JOD_29-2_1821,JOD,29-2,human_2024_2026,14494
JOD_29-2_1820,JOD,29-2,human_2024_2026,11335
JOD_29-1_1782,JOD,29-1,human_2024_2026,5989
JOD_29-1_1778,JOD,29-1,human_2024_2026,12944
JOD_29-1_1777,JOD,29-1,human_2024_2026,17919
AERA_47_00,AERA,47,human_2024_2026,18738
AERA_47_01,AERA,47,human_2024_2026,14215
AERA_47_02,AERA,47,human_2024_2026,18790
AERA_48_00,AERA,48,human_2024_2026,12866
AERA_48_01,AERA,48,human_2024_2026,17703
AERA_48_02,AERA,48,human_2024_2026,13662
AERA_49_00,AERA,49,human_2024_2026,12861
AERA_49_01,AERA,49,human_2024_2026,15684
AERA_49_02,AERA,49,human_2024_2026,14415
AERA_49_03,AERA,49,human_2024_2026,16655
AERA_50_00,AERA,50,human_2024_2026,13939
AERA_50_01,AERA,50,human_2024_2026,16655
AERA_50_02,AERA,50,human_2024_2026,17410
AERA_50_03,AERA,50,human_2024_2026,15065
JAS_299_00,JAS,299,human_2024_2026,26426
JAS_299_01,JAS,299,human_2024_2026,12872
JAS_299_02,JAS,299,human_2024_2026,19638
JAS_299_03,JAS,299,human_2024_2026,13426
JAS_299_04,JAS,299,human_2024_2026,6855
JAS_295_00,JAS,295,human_2024_2026,25257
JAS_295_01,JAS,295,human_2024_2026,19959
JAS_295_02,JAS,295,human_2024_2026,23805
JAS_306_00,JAS,306,human_2024_2026,13906
JAS_306_01,JAS,306,human_2024_2026,20157
JAS_306_02,JAS,306,human_2024_2026,15796
JAS_302_02,JAS,302,human_2024_2026,22450
JAS_302_03,JAS,302,human_2024_2026,16001
JAS_302_04,JAS,302,human_2024_2026,24189
